Repo,Error
crownpku/aiml_chatbot,Unrelevant
ShivaGuntuku/simpleChatBot,Unrelevant
ryanshrott/Planning-in-Fleet-Management,Unrelevant
glerm/yupana,Unrelevant
betzelelgalut/butlerbot-stable,Unrelevant
mogroupumd/aimd,Unrelevant
charlesluo1/udacity,Unrelevant
USC-NSL/policing-detection,Unrelevant
paulovn/aiml-chatbot-kernel,Unrelevant
nihal111/J.A.R.V.I.S,Unrelevant
zhangziliang04/pyaimlEx,Unrelevant
madhavajay/nd889,Unrelevant
dragondjf/QMarkdowner,Unrelevant
sparkslabs/kamaelia,Unrelevant
thomasweng15/E.V.E.,Unrelevant
Elvis-Zhou/aliceCN,Unrelevant
Currie32/Artificial-Intelligence-Nanodegree,Unrelevant
Nobida/ZD-Search,Unrelevant
eshwarkoka/Medical-document-classification,Unrelevant
vaishaks/aind,Unrelevant
AlexR1712/Sarabot,Unrelevant
ideamonk/BakaBot,Unrelevant
iekumdario/naochat,Unrelevant
ackul/CrimeCheck,Unrelevant
pquerna/tls-client-hello-stats,Unrelevant
methusalah/alchemist,Unrelevant
OpenSplash/SplashBox-bot,Unrelevant
gnufs/aima-java,Unrelevant
FuYanzhe2/KGQA_AIML,Unrelevant
houqp/pyh3c,Unrelevant
mmellott/aiml-fb-chat,Unrelevant
goldstar0415/AI-PlanningSearch,Unrelevant
ch710798472/python_aiml_rebot,Unrelevant
DeuroIO/Udacity-AIND,Unrelevant
pyhrf/pyhrf,Unrelevant
jstnhuang/chatbot,Unrelevant
duganchen/codesearch,Unrelevant
Who8MyLunch/Ping_Sweep,Unrelevant
RealLiuSha/WechatEnterpriseApi,Unrelevant
raquelredo/Projects,Unrelevant
gautamkrishnar/hatter,Unrelevant
uforia/Uforia,Unrelevant
cxy0303/vue-lodop-design,Unrelevant
qboticslabs/ros_robotics_projects,Unrelevant
zhengrui315/Udacity-AIND-Classical-Planning,Unrelevant
luyishisi/The_python_code,Unrelevant
Sreyas-Sreelal/samp-ai-chatbot,Unrelevant
at-wills/aiml-chinese,Unrelevant
sohelamin/chatbot,Unrelevant
PaulMineau/AIMA.Net,Unrelevant
Decalogue/aiml3,Unrelevant
aiyanbo/aims,Unrelevant
atrinik/atrinik,Unrelevant
stephenrawson/udacity-ai-nanodegree,Unrelevant
alfonsodg/sboty,Unrelevant
cdwfs/pyaiml,Unrelevant
hj91/PyAIML-XMPP-Chat-Bot,Unrelevant
creatorrr/pyAIML,Unrelevant
coatandhat/aimc,Unrelevant
hobson/aima,Unrelevant
hobson/coursera,Unrelevant
ibeltagy/pl-semantics,Unrelevant
quhfus/DoSeR,Unrelevant
SnakeHacker/QA-Snake,Unrelevant
mariavila/FIB-IA,Unrelevant
kaustubh03/amelia_2.0,Unrelevant
wuzhe/wumpusworld,Unrelevant
hobson/udacity,Unrelevant
nikhilkumarsingh/NIKBOT,Unrelevant
linzhp/Howie,Unrelevant
Caynosadler/Virtual-Assistant,Unrelevant
sparkslabs/kamaelia_,Unrelevant
mpegman/Py3kAiml,Unrelevant
tumi8/flow-inspector,Unrelevant
himanshug/aima-scala,Unrelevant
JerryRain/rosexplore_ws,Unrelevant
pyxploiter/customer-service-chatbot,Unrelevant
anamestre/FIB-IA-P1-Azamon,Unrelevant
zhangbincheng1997/chatbot-aiml-webqa,Unrelevant
andypitcher/IoT_Sentinel,Unrelevant
ntrippar/ARPwner,Unrelevant
osl/concolic-walk,Unrelevant
ronaldeddings/AIND-Planning,Unrelevant
stefan-rz/udacity-aind,Unrelevant
DiabloHorn/DiabloHorn,Unrelevant
mdmonk/python_snippets,Unrelevant
LuLi0077/AI,Unrelevant
bejar/AIMAexample,Unrelevant
philferriere/aind-projects,Unrelevant
mcburton/lc-python-training,Unrelevant
diegoalejogm/AI-Nanodegree,Unrelevant
moeabdol/mobot,Unrelevant
psavine42/fun-with-dnc,Unrelevant
Veronica1997/knowledge-graph,Unrelevant
coderchintan/College-Information-Chatbot-Information,Unrelevant
hophacker/bitcoin_public_data,Unrelevant
huomiaocode/SocketPacket,Unrelevant
chethangn/ChatbotAIML,Unrelevant
piyushiiitn/Amanda--NLP-Based-Chatbot,Unrelevant
dbasedow/prospecter,Unrelevant
lentinjoseph/Social-Robot,Unrelevant
omergunal/hackerbot,Unrelevant
JingLuo05/Chinese-ChatBot-AIML-Web.py,Unrelevant
egoist/random-anime-wallpapers,Unrelevant
shankyb9/College-Information-Chatbot-System,Unrelevant
debugger22/Jarvis,Unrelevant
andelf/PyAIML,Unrelevant
Omegaice/WOTDecompiled,Unrelevant
w940853815/weixin-robot,Unrelevant
codenside/chatbot,Unrelevant
MRwangmaomao/VSLAM,Unrelevant
clem1/segvault,Unrelevant
ictar/XIXI,"404 {""message"": ""Not Found"", ""documentation_url"": ""https://docs.github.com/rest/reference/repos#get-a-repository""}"
sethuiyer/simple-chat-bot,Unrelevant
coreyabshire/tron,Unrelevant
jiangqn/aspect_extraction,Unrelevant
ifreitas/brain,Unrelevant
elpimous/Neo_robot,Unrelevant
superkley/udacity-aind,Unrelevant
mike-n-7/convai,Unrelevant
encorehu/django-buddy,Unrelevant
xiaopangxia/aiml_cn,Unrelevant
ASH1998/THE-BOT,Unrelevant
buaahsh/PyAIML-CN,Unrelevant
nunomachado/symbiosis,Unrelevant
cosimoiaia/pyAiml-2.0,Unrelevant
janakajain/medbot,Unrelevant
mushketyk/aima-python,Unrelevant
qqfly/arc,Unrelevant
Mondego/pyreco,Unrelevant
jlevente/MiamiOSM-buildings,Unrelevant
ArtificialIntelligenceToolkit/aima3,Unrelevant
datenhahn/python-aiml-chatbot,Unrelevant
ArtificialIntelligenceToolkit/conx-notebooks,Unrelevant
StephenLee2016/simple-chatbot,Unrelevant
opencog/loving-ai,Unrelevant
marcogillies/Piavca,Unrelevant
JesseWeinstein/sourceforge-items-cache,Unrelevant
GeoscienceAustralia/PF3D,Unrelevant
alexcmd/eve,Unrelevant
csu/ALICEChatAPI,Unrelevant
lamba92/bayesian-net-project,Unrelevant
erayon/WhatsappBotX,Unrelevant
applicationskeleton/Skeleton,Unrelevant
SeanWeber/Chatbot,Unrelevant
eggfly/jadx,Unrelevant
suttree/grokitbot,Unrelevant
tingelst/calibration,Unrelevant
bc6/Paraplegic-Hank-Drake,Unrelevant
DanielProjectJourney/AI_NanoDegree_Udacity,Unrelevant
