Repo,Error
gitlab.com/illwieckz/i-love-compute,Not Found
gitlab.com/SlackBuilds.org/slackbuilds,Not Found
pyrovski/papi,Unrelated
nackdai/izanagi,Unrelated
CollabQ/CollabQ,Unrelated
houseoflifeproperty/bitpop,Unrelated
trevorlinton/webkit.js,Unrelated
koadman/proxigenomics,Unrelated
gustafn/nsf,Unrelated
bhadresh/dqp,Unrelated
daly/axiom,Unrelated
beurdouche/tools,Unrelated
davidw/hecl,Unrelated
vikram/lisplibraries,Unrelated
percyliang/sempre,Unrelated
JohannesBuchner/mcl,Unrelated
pablocelis/Documents-Search-Engine,Unrelated
SiCKRAGE/SiCKRAGE,Unrelated
fangq/mcxcl,Unrelated
hpcc-systems/HPCC-Platform,Unrelated
cybertk/depot_tools,Unrelated
lianliuwei/chromium_base,Unrelated
wilsonianb/nacl_contracts,Unrelated
SRabbelier/Melange,Unrelated
willysr/slackbuilds,Unrelated
codalab/codalab-worksheets,Unrelated
eseidel/native_client_patches,Unrelated
lemonad/jaikuengine,Unrelated
fhcrc/mcl,Unrelated
biocoder/SBEToolbox,Unrelated
svn2github/chromium-depot-tools,Unrelated
davemichael/NaCl-Quake,Unrelated
milesegan/xmls,Unrelated
thomasmoelhave/tpie,Unrelated
Lind-Project/native_client,Unrelated
tallstreet/jaikuenginepatch,Unrelated
jeffbuttars/Viming-With-Buttars,Unrelated
acl-dev/acl,Unrelated
adibis/DDR2_Controller,Unrelated
Ponce/slackbuilds,Unrelated
